company,industry,year,document_title,document_type,official_source,url,access_date,local_source_path,local_pdf_path,local_text_path,notes
amazon,Technology / digital platforms,1997,Amazon 1997 shareholder letter,shareholder_letter_html,About Amazon,https://www.aboutamazon.com/news/company-news/amazons-original-1997-letter-to-shareholders,2026-04-16,01_raw_sources/amazon/letters/amazon_1997_shareholder_letter.html,,02_extracted_text/amazon/amazon_1997_shareholder_letter.txt,Official standalone shareholder letter page; already exists.
amazon,Technology / digital platforms,2014,"Amazon Form 10-K annual report, fiscal 2014",annual_report_sec_filing,SEC EDGAR company filing,https://www.sec.gov/Archives/edgar/data/1018724/000101872415000006/amzn-20141231x10k.htm,2026-04-16,01_raw_sources/amazon/annual_reports/amazon_2014_sec_10k.html,,02_extracted_text/amazon/amazon_2014_sec_10k.txt,Downloaded from SEC EDGAR; accession 0001018724-15-000006; filing date 2015-01-30; downloaded 2252674 bytes.
amazon,Technology / digital platforms,2015,"Amazon Form 10-K annual report, fiscal 2015",annual_report_sec_filing,SEC EDGAR company filing,https://www.sec.gov/Archives/edgar/data/1018724/000101872416000172/amzn-20151231x10k.htm,2026-04-16,01_raw_sources/amazon/annual_reports/amazon_2015_sec_10k.html,,02_extracted_text/amazon/amazon_2015_sec_10k.txt,Downloaded from SEC EDGAR; accession 0001018724-16-000172; filing date 2016-01-29; downloaded 2205220 bytes.
amazon,Technology / digital platforms,2016,"Amazon Form 10-K annual report, fiscal 2016",annual_report_sec_filing,SEC EDGAR company filing,https://www.sec.gov/Archives/edgar/data/1018724/000101872417000011/amzn-20161231x10k.htm,2026-04-16,01_raw_sources/amazon/annual_reports/amazon_2016_sec_10k.html,,02_extracted_text/amazon/amazon_2016_sec_10k.txt,Downloaded from SEC EDGAR; accession 0001018724-17-000011; filing date 2017-02-10; downloaded 2176442 bytes.
amazon,Technology / digital platforms,2016,Amazon 2016 shareholder letter,shareholder_letter_html,About Amazon,https://www.aboutamazon.com/news/company-news/2016-letter-to-shareholders,2026-04-16,01_raw_sources/amazon/letters/amazon_2016_shareholder_letter.html,,02_extracted_text/amazon/amazon_2016_shareholder_letter.txt,Official standalone shareholder letter page; already exists.
amazon,Technology / digital platforms,2017,"Amazon Form 10-K annual report, fiscal 2017",annual_report_sec_filing,SEC EDGAR company filing,https://www.sec.gov/Archives/edgar/data/1018724/000101872418000005/amzn-20171231x10k.htm,2026-04-16,01_raw_sources/amazon/annual_reports/amazon_2017_sec_10k.html,,02_extracted_text/amazon/amazon_2017_sec_10k.txt,Downloaded from SEC EDGAR; accession 0001018724-18-000005; filing date 2018-02-02; downloaded 2159720 bytes.
amazon,Technology / digital platforms,2017,Amazon 2017 shareholder letter,shareholder_letter_html,About Amazon,https://www.aboutamazon.com/news/company-news/2017-letter-to-shareholders,2026-04-16,01_raw_sources/amazon/letters/amazon_2017_shareholder_letter.html,,02_extracted_text/amazon/amazon_2017_shareholder_letter.txt,Official standalone shareholder letter page; already exists.
amazon,Technology / digital platforms,2018,"Amazon Form 10-K annual report, fiscal 2018",annual_report_sec_filing,SEC EDGAR company filing,https://www.sec.gov/Archives/edgar/data/1018724/000101872419000004/amzn-20181231x10k.htm,2026-04-16,01_raw_sources/amazon/annual_reports/amazon_2018_sec_10k.html,,02_extracted_text/amazon/amazon_2018_sec_10k.txt,Downloaded from SEC EDGAR; accession 0001018724-19-000004; filing date 2019-02-01; downloaded 2081096 bytes.
amazon,Technology / digital platforms,2018,Amazon 2018 shareholder letter,shareholder_letter_html,About Amazon,https://www.aboutamazon.com/news/company-news/2018-letter-to-shareholders,2026-04-16,01_raw_sources/amazon/letters/amazon_2018_shareholder_letter.html,,02_extracted_text/amazon/amazon_2018_shareholder_letter.txt,Official standalone shareholder letter page; already exists.
amazon,Technology / digital platforms,2019,"Amazon Form 10-K annual report, fiscal 2019",annual_report_sec_filing,SEC EDGAR company filing,https://www.sec.gov/Archives/edgar/data/1018724/000101872420000004/amzn-20191231x10k.htm,2026-04-16,01_raw_sources/amazon/annual_reports/amazon_2019_sec_10k.html,,02_extracted_text/amazon/amazon_2019_sec_10k.txt,Downloaded from SEC EDGAR; accession 0001018724-20-000004; filing date 2020-01-31; downloaded 2689699 bytes.
amazon,Technology / digital platforms,2019,Amazon 2019 shareholder letter,shareholder_letter_html,About Amazon,https://www.aboutamazon.com/news/company-news/2019-letter-to-shareholders,2026-04-16,01_raw_sources/amazon/letters/amazon_2019_shareholder_letter.html,,02_extracted_text/amazon/amazon_2019_shareholder_letter.txt,Official standalone shareholder letter page; already exists.
amazon,Technology / digital platforms,2020,"Amazon Form 10-K annual report, fiscal 2020",annual_report_sec_filing,SEC EDGAR company filing,https://www.sec.gov/Archives/edgar/data/1018724/000101872421000004/amzn-20201231.htm,2026-04-16,01_raw_sources/amazon/annual_reports/amazon_2020_sec_10k.html,,02_extracted_text/amazon/amazon_2020_sec_10k.txt,Downloaded from SEC EDGAR; accession 0001018724-21-000004; filing date 2021-02-03; downloaded 2455655 bytes.
amazon,Technology / digital platforms,2020,Amazon 2020 shareholder letter,shareholder_letter_html,About Amazon,https://www.aboutamazon.com/news/company-news/2020-letter-to-shareholders,2026-04-16,01_raw_sources/amazon/letters/amazon_2020_shareholder_letter.html,,02_extracted_text/amazon/amazon_2020_shareholder_letter.txt,Official standalone shareholder letter page; already exists.
amazon,Technology / digital platforms,2021,"Amazon Form 10-K annual report, fiscal 2021",annual_report_sec_filing,SEC EDGAR company filing,https://www.sec.gov/Archives/edgar/data/1018724/000101872422000005/amzn-20211231.htm,2026-04-16,01_raw_sources/amazon/annual_reports/amazon_2021_sec_10k.html,,02_extracted_text/amazon/amazon_2021_sec_10k.txt,Downloaded from SEC EDGAR; accession 0001018724-22-000005; filing date 2022-02-04; downloaded 2415621 bytes.
amazon,Technology / digital platforms,2021,Amazon 2021 shareholder letter,shareholder_letter_html,About Amazon,https://www.aboutamazon.com/news/company-news/2021-letter-to-shareholders,2026-04-16,01_raw_sources/amazon/letters/amazon_2021_shareholder_letter.html,,02_extracted_text/amazon/amazon_2021_shareholder_letter.txt,Official standalone shareholder letter page; already exists.
amazon,Technology / digital platforms,2022,"Amazon Form 10-K annual report, fiscal 2022",annual_report_sec_filing,SEC EDGAR company filing,https://www.sec.gov/Archives/edgar/data/1018724/000101872423000004/amzn-20221231.htm,2026-04-16,01_raw_sources/amazon/annual_reports/amazon_2022_sec_10k.html,,02_extracted_text/amazon/amazon_2022_sec_10k.txt,Downloaded from SEC EDGAR; accession 0001018724-23-000004; filing date 2023-02-03; downloaded 2486192 bytes.
amazon,Technology / digital platforms,2022,Amazon 2022 shareholder letter,shareholder_letter_html,About Amazon,https://www.aboutamazon.com/news/company-news/amazon-ceo-andy-jassy-2022-letter-to-shareholders,2026-04-16,01_raw_sources/amazon/letters/amazon_2022_shareholder_letter.html,,02_extracted_text/amazon/amazon_2022_shareholder_letter.txt,Official standalone shareholder letter page; already exists.
amazon,Technology / digital platforms,2023,"Amazon Form 10-K annual report, fiscal 2023",annual_report_sec_filing,SEC EDGAR company filing,https://www.sec.gov/Archives/edgar/data/1018724/000101872424000008/amzn-20231231.htm,2026-04-16,01_raw_sources/amazon/annual_reports/amazon_2023_sec_10k.html,,02_extracted_text/amazon/amazon_2023_sec_10k.txt,Downloaded from SEC EDGAR; accession 0001018724-24-000008; filing date 2024-02-02; downloaded 1945178 bytes.
amazon,Technology / digital platforms,2023,Amazon 2023 shareholder letter,shareholder_letter_html,About Amazon,https://www.aboutamazon.com/news/company-news/amazon-ceo-andy-jassy-2023-letter-to-shareholders,2026-04-16,01_raw_sources/amazon/letters/amazon_2023_shareholder_letter.html,,02_extracted_text/amazon/amazon_2023_shareholder_letter.txt,Official standalone shareholder letter page; already exists.
amazon,Technology / digital platforms,2024,"Amazon Form 10-K annual report, fiscal 2024",annual_report_sec_filing,SEC EDGAR company filing,https://www.sec.gov/Archives/edgar/data/1018724/000101872425000004/amzn-20241231.htm,2026-04-16,01_raw_sources/amazon/annual_reports/amazon_2024_sec_10k.html,,02_extracted_text/amazon/amazon_2024_sec_10k.txt,Downloaded from SEC EDGAR; accession 0001018724-25-000004; filing date 2025-02-07; downloaded 1922355 bytes.
amazon,Technology / digital platforms,2024,Amazon 2024 shareholder letter,shareholder_letter_html,About Amazon,https://www.aboutamazon.com/news/company-news/amazon-ceo-andy-jassy-2024-letter-to-shareholders,2026-04-16,01_raw_sources/amazon/letters/amazon_2024_shareholder_letter.html,,02_extracted_text/amazon/amazon_2024_shareholder_letter.txt,Official standalone shareholder letter page; already exists.
amazon,Technology / digital platforms,2025,"Amazon Form 10-K annual report, fiscal 2025",annual_report_sec_filing,SEC EDGAR company filing,https://www.sec.gov/Archives/edgar/data/1018724/000101872426000004/amzn-20251231.htm,2026-04-16,01_raw_sources/amazon/annual_reports/amazon_2025_sec_10k.html,,02_extracted_text/amazon/amazon_2025_sec_10k.txt,Downloaded from SEC EDGAR; accession 0001018724-26-000004; filing date 2026-02-06; downloaded 1968342 bytes.
amazon,Technology / digital platforms,2025,Amazon 2025 shareholder letter,shareholder_letter_html,About Amazon,https://www.aboutamazon.com/news/company-news/amazon-ceo-andy-jassy-2025-letter-to-shareholders,2026-04-16,01_raw_sources/amazon/letters/amazon_2025_shareholder_letter.html,,02_extracted_text/amazon/amazon_2025_shareholder_letter.txt,Official standalone shareholder letter page; already exists.
amazon,Technology / digital platforms,archive,Amazon shareholder letters archive,investor_archive_page,About Amazon,https://www.aboutamazon.com/about-us/shareholder-letters,2026-04-16,01_raw_sources/amazon/investor_pages/amazon_shareholder_letters_archive.html,,,Official shareholder-letter archive page; already exists.
bcg,Industry source,collection,BCG Most Innovative Companies report collection,benchmark_source,BCG,https://www.bcg.com/publications/most-innovative-companies-the-collection,2026-04-16,01_raw_sources/industry_sources/bcg/bcg_collection.html,,02_extracted_text/industry_sources/bcg_collection.txt,Benchmark/supporting source requested by user; downloaded 875598 bytes.
chevron,Oil & gas / energy,2013,Chevron 2013 Annual Report,annual_report_pdf,Chevron annual report archive/page,https://www.chevron.com/-/media/shared-media/documents/Chevron2013AnnualReport.pdf,2026-04-16,,01_raw_sources/chevron/annual_reports/chevron_2013_annual_report.pdf,02_extracted_text/chevron/chevron_2013_annual_report.txt,Official Chevron annual report PDF downloaded from Chevron.com; sha256=e2398e5a665f13193f27dc2e52ba4bde41e15b7d0b8490021055d270facbf3aa; bytes=5041906; text_chars=374272; letter_marker_check=to our stockholders; letter to stockholders; chairman of the board and chief executive officer.
chevron,Oil & gas / energy,2013,"Chevron Form 10-K annual report, fiscal 2013",annual_report_sec_filing,SEC EDGAR company filing,https://www.sec.gov/Archives/edgar/data/93410/000009341014000011/cvx-123113x10kdoc.htm,2026-04-16,01_raw_sources/chevron/annual_reports/chevron_2013_sec_10k.html,,02_extracted_text/chevron/chevron_2013_sec_10k.txt,Downloaded from SEC EDGAR; accession 0000093410-14-000011; filing date 2014-02-21; downloaded 6583510 bytes.
chevron,Oil & gas / energy,2014,"Chevron Form 10-K annual report, fiscal 2014",annual_report_sec_filing,SEC EDGAR company filing,https://www.sec.gov/Archives/edgar/data/93410/000009341015000010/cvx-123114x10kdoc.htm,2026-04-16,01_raw_sources/chevron/annual_reports/chevron_2014_sec_10k.html,,02_extracted_text/chevron/chevron_2014_sec_10k.txt,Downloaded from SEC EDGAR; accession 0000093410-15-000010; filing date 2015-02-20; downloaded 5578730 bytes.
chevron,Oil & gas / energy,2015,"Chevron Form 10-K annual report, fiscal 2015",annual_report_sec_filing,SEC EDGAR company filing,https://www.sec.gov/Archives/edgar/data/93410/000009341016000049/cvx-123115x10kdoc.htm,2026-04-16,01_raw_sources/chevron/annual_reports/chevron_2015_sec_10k.html,,02_extracted_text/chevron/chevron_2015_sec_10k.txt,Downloaded from SEC EDGAR; accession 0000093410-16-000049; filing date 2016-02-25; downloaded 5606365 bytes.
chevron,Oil & gas / energy,2016,"Chevron Form 10-K annual report, fiscal 2016",annual_report_sec_filing,SEC EDGAR company filing,https://www.sec.gov/Archives/edgar/data/93410/000009341017000013/cvx-123116x10kdoc.htm,2026-04-16,01_raw_sources/chevron/annual_reports/chevron_2016_sec_10k.html,,02_extracted_text/chevron/chevron_2016_sec_10k.txt,Downloaded from SEC EDGAR; accession 0000093410-17-000013; filing date 2017-02-23; downloaded 5806719 bytes.
chevron,Oil & gas / energy,2017,"Chevron Form 10-K annual report, fiscal 2017",annual_report_sec_filing,SEC EDGAR company filing,https://www.sec.gov/Archives/edgar/data/93410/000009341018000010/cvx12312017-10kdoc.htm,2026-04-16,01_raw_sources/chevron/annual_reports/chevron_2017_sec_10k.html,,02_extracted_text/chevron/chevron_2017_sec_10k.txt,Downloaded from SEC EDGAR; accession 0000093410-18-000010; filing date 2018-02-22; downloaded 5799262 bytes.
chevron,Oil & gas / energy,2018,Chevron 2018 Annual Report,annual_report_pdf,Chevron annual report archive/page,https://www.chevron.com/-/media/chevron/annual-report/2018/documents/2018-Annual-Report.pdf,2026-04-16,,01_raw_sources/chevron/annual_reports/chevron_2018_annual_report.pdf,02_extracted_text/chevron/chevron_2018_annual_report.txt,Official Chevron annual report PDF downloaded from Chevron.com; sha256=23afe67f41b743bbeca1fd478831143bc266ef055622d4c9e5859f96a3a5dec5; bytes=9549481; text_chars=381248; letter_marker_check=to our stockholders; letter to stockholders; chairman of the board and chief executive officer; chairman and chief executive officer; sincerely.
chevron,Oil & gas / energy,2018,"Chevron Form 10-K annual report, fiscal 2018",annual_report_sec_filing,SEC EDGAR company filing,https://www.sec.gov/Archives/edgar/data/93410/000009341019000008/cvx12312018-10kdoc.htm,2026-04-16,01_raw_sources/chevron/annual_reports/chevron_2018_sec_10k.html,,02_extracted_text/chevron/chevron_2018_sec_10k.txt,Downloaded from SEC EDGAR; accession 0000093410-19-000008; filing date 2019-02-22; downloaded 5789609 bytes.
chevron,Oil & gas / energy,2019,"Chevron Form 10-K annual report, fiscal 2019",annual_report_sec_filing,SEC EDGAR company filing,https://www.sec.gov/Archives/edgar/data/93410/000009341020000010/cvx12312019-10kdoc.htm,2026-04-16,01_raw_sources/chevron/annual_reports/chevron_2019_sec_10k.html,,02_extracted_text/chevron/chevron_2019_sec_10k.txt,Downloaded from SEC EDGAR; accession 0000093410-20-000010; filing date 2020-02-21; downloaded 7782714 bytes.
chevron,Oil & gas / energy,2020,Chevron 2020 Annual Report,annual_report_pdf,Chevron annual report archive/page,https://www.chevron.com/-/media/chevron/annual-report/2020/documents/2020-Annual-Report.pdf,2026-04-16,,01_raw_sources/chevron/annual_reports/chevron_2020_annual_report.pdf,02_extracted_text/chevron/chevron_2020_annual_report.txt,Official Chevron annual report PDF downloaded from Chevron.com; sha256=795606f100c61e29a156fede242931e256b97f4b80f9f60235f0c448764913ab; bytes=9830578; text_chars=683377; letter_marker_check=to our stockholders; chairman of the board and chief executive officer; sincerely.
chevron,Oil & gas / energy,2020,"Chevron Form 10-K annual report, fiscal 2020",annual_report_sec_filing,SEC EDGAR company filing,https://www.sec.gov/Archives/edgar/data/93410/000009341021000009/cvx-20201231.htm,2026-04-16,01_raw_sources/chevron/annual_reports/chevron_2020_sec_10k.html,,02_extracted_text/chevron/chevron_2020_sec_10k.txt,Downloaded from SEC EDGAR; accession 0000093410-21-000009; filing date 2021-02-25; downloaded 6836700 bytes.
chevron,Oil & gas / energy,2021,Chevron 2021 Annual Report,annual_report_pdf,Chevron annual report PDF,https://www.chevron.com/-/media/chevron/annual-report/2021/documents/2021-Annual-Report.pdf,2026-04-18,,01_raw_sources/chevron/annual_reports/chevron_2021_annual_report.pdf,02_extracted_text/chevron/chevron_2021_annual_report.txt,Official Chevron annual-report PDF downloaded from Chevron URL pattern; 116 PDF pages; extracted 403190 text characters; contains to our stockholders and Michael K. Wirth CEO/chair signature markers; sha256=006923a3c92be64fd89de49ee5673d3595a6ba7f76210c43009a23acc48888b8.
chevron,Oil & gas / energy,2021,"Chevron Form 10-K annual report, fiscal 2021",annual_report_sec_filing,SEC EDGAR company filing,https://www.sec.gov/Archives/edgar/data/93410/000009341022000019/cvx-20211231.htm,2026-04-16,01_raw_sources/chevron/annual_reports/chevron_2021_sec_10k.html,,02_extracted_text/chevron/chevron_2021_sec_10k.txt,Downloaded from SEC EDGAR; accession 0000093410-22-000019; filing date 2022-02-24; downloaded 6757509 bytes.
chevron,Oil & gas / energy,2022,Chevron 2022 Annual Report,annual_report_pdf,Chevron annual report archive/page,https://www.chevron.com/-/media/chevron/annual-report/2022/documents/2022-Annual-Report.pdf,2026-04-16,,01_raw_sources/chevron/annual_reports/chevron_2022_annual_report.pdf,02_extracted_text/chevron/chevron_2022_annual_report.txt,Official Chevron annual report PDF downloaded from Chevron.com; sha256=6efad64410a44f7a09e72d0e3269646cb5cefce47af790569dc56153bd711d2a; bytes=10317708; text_chars=382265; letter_marker_check=to our stockholders; chairman of the board and chief executive officer; sincerely.
chevron,Oil & gas / energy,2022,"Chevron Form 10-K annual report, fiscal 2022",annual_report_sec_filing,SEC EDGAR company filing,https://www.sec.gov/Archives/edgar/data/93410/000009341023000009/cvx-20221231.htm,2026-04-16,01_raw_sources/chevron/annual_reports/chevron_2022_sec_10k.html,,02_extracted_text/chevron/chevron_2022_sec_10k.txt,Downloaded from SEC EDGAR; accession 0000093410-23-000009; filing date 2023-02-23; downloaded 6962499 bytes.
chevron,Oil & gas / energy,2023,Chevron 2023 Annual Report,annual_report_pdf,Chevron annual report PDF,https://www.chevron.com/-/media/chevron/annual-report/2023/documents/2023-Annual-Report.pdf,2026-04-18,,01_raw_sources/chevron/annual_reports/chevron_2023_annual_report.pdf,02_extracted_text/chevron/chevron_2023_annual_report.txt,Official Chevron annual-report PDF downloaded from Chevron URL pattern; 114 PDF pages; extracted 389915 text characters; contains to our stockholders and Michael K. Wirth CEO/chair signature markers; sha256=b0877c780dc3c09c1609a3974a485e19060d0d38ca705d22eb8fa45dd515974a.
chevron,Oil & gas / energy,2023,"Chevron Form 10-K annual report, fiscal 2023",annual_report_sec_filing,SEC EDGAR company filing,https://www.sec.gov/Archives/edgar/data/93410/000009341024000013/cvx-20231231.htm,2026-04-16,01_raw_sources/chevron/annual_reports/chevron_2023_sec_10k.html,,02_extracted_text/chevron/chevron_2023_sec_10k.txt,Downloaded from SEC EDGAR; accession 0000093410-24-000013; filing date 2024-02-26; downloaded 5809311 bytes.
chevron,Oil & gas / energy,2024,Chevron 2024 Annual Report,annual_report_pdf,Chevron annual report archive/page,https://www.chevron.com/-/media/chevron/annual-report/2024/documents/2024-Annual-Report.pdf,2026-04-16,,01_raw_sources/chevron/annual_reports/chevron_2024_annual_report.pdf,02_extracted_text/chevron/chevron_2024_annual_report.txt,Official Chevron annual report PDF downloaded from Chevron.com; sha256=0044b0f397d47c70ca34c572002b0f21a9a575e411ac20a2d612fe642eb56983; bytes=16685931; text_chars=418251; letter_marker_check=to our stockholders; chairman of the board and chief executive officer; sincerely.
chevron,Oil & gas / energy,2024,"Chevron Form 10-K annual report, fiscal 2024",annual_report_sec_filing,SEC EDGAR company filing,https://www.sec.gov/Archives/edgar/data/93410/000009341025000009/cvx-20241231.htm,2026-04-16,01_raw_sources/chevron/annual_reports/chevron_2024_sec_10k.html,,02_extracted_text/chevron/chevron_2024_sec_10k.txt,Downloaded from SEC EDGAR; accession 0000093410-25-000009; filing date 2025-02-21; downloaded 5960635 bytes.
chevron,Oil & gas / energy,2025,"Chevron Form 10-K annual report, fiscal 2025",annual_report_sec_filing,SEC EDGAR company filing,https://www.sec.gov/Archives/edgar/data/93410/000009341026000078/cvx-20251231.htm,2026-04-16,01_raw_sources/chevron/annual_reports/chevron_2025_sec_10k.html,,02_extracted_text/chevron/chevron_2025_sec_10k.txt,Downloaded from SEC EDGAR; accession 0000093410-26-000078; filing date 2026-02-24; downloaded 6061316 bytes.
forbes,Industry source,list,Forbes Innovative Companies list,benchmark_source,FORBES,https://www.forbes.com/innovative-companies/list/,2026-04-16,01_raw_sources/industry_sources/forbes/forbes_list.html,,02_extracted_text/industry_sources/forbes_list.txt,Benchmark/supporting source requested by user; already exists.
NVIDIA,Technology / digital platforms,2011,NVIDIA 2011 annual report / annual review,annual_report_pdf,NVIDIA Investor Relations,https://s201.q4cdn.com/141608511/files/doc_financials/2011/ar/2011-annual-report-insert-web-ir-update-r3.pdf,2026-04-16,,01_raw_sources/nvidia/annual_reports/nvidia_2011_annual_report.pdf,02_extracted_text/nvidia/nvidia_2011_annual_report.txt,Official NVIDIA investor-relations annual report/annual review PDF from archive page. sha256=6a997d668c1ef9daa6b282465a8186dd223e08bcdb5b161ca50195eae8b2496f; bytes=12910278; pages=207; text_chars=704886; narrative_check=contains annual-review narrative material; CEO letter not separately isolated by extraction; markers=annual-review narrative format.
NVIDIA,Technology / digital platforms,2012,NVIDIA 2012 annual report / annual review,annual_report_pdf,NVIDIA Investor Relations,https://s201.q4cdn.com/141608511/files/doc_financials/2012/ar/2012-annual-report-insert-web-ir-update.pdf,2026-04-16,,01_raw_sources/nvidia/annual_reports/nvidia_2012_annual_report.pdf,02_extracted_text/nvidia/nvidia_2012_annual_report.txt,Official NVIDIA investor-relations annual report/annual review PDF from archive page. sha256=8d57d5d645db1b6e19c0d6af4ca0369a2dae07d02984c00b10ec4bebf8586afb; bytes=3612284; pages=218; text_chars=930198; narrative_check=contains annual-review narrative material; CEO letter not separately isolated by extraction; markers=annual-review narrative format.
NVIDIA,Technology / digital platforms,2013,NVIDIA 2013 annual report / annual review,annual_report_pdf,NVIDIA Investor Relations,https://s201.q4cdn.com/141608511/files/doc_financials/2013/ar/2013-annual-report-insert-web-ir-update.pdf,2026-04-16,,01_raw_sources/nvidia/annual_reports/nvidia_2013_annual_report.pdf,02_extracted_text/nvidia/nvidia_2013_annual_report.txt,Official NVIDIA investor-relations annual report/annual review PDF from archive page. sha256=fb1945c9377f9427e70296d7d3f5e3ecca0f4459ec54a9970c52b44a6098e517; bytes=107524374; pages=236; text_chars=859944; narrative_check=contains annual-review narrative material; CEO letter not separately isolated by extraction; markers=annual-review narrative format.
NVIDIA,Technology / digital platforms,2014,NVIDIA 2014 annual report / annual review,annual_report_pdf,NVIDIA Investor Relations,https://s201.q4cdn.com/141608511/files/doc_financials/2014/ar/2014-annual-report-insert-web-ir-update.pdf,2026-04-16,,01_raw_sources/nvidia/annual_reports/nvidia_2014_annual_report.pdf,02_extracted_text/nvidia/nvidia_2014_annual_report.txt,Official NVIDIA investor-relations annual report/annual review PDF from archive page. sha256=ce2918394cbd4d8c40ce8ff03f8cfd0817e4e0961f3842296f84b6b4b811f5fb; bytes=21109743; pages=258; text_chars=904609; narrative_check=contains annual-review narrative material; CEO letter not separately isolated by extraction; markers=annual-review narrative format.
NVIDIA,Technology / digital platforms,2015,NVIDIA 2015 annual report / annual review,annual_report_pdf,NVIDIA Investor Relations,https://s201.q4cdn.com/141608511/files/doc_financials/2015/ar/2015-annual-report-insert-web-ir-update.pdf,2026-04-16,,01_raw_sources/nvidia/annual_reports/nvidia_2015_annual_report.pdf,02_extracted_text/nvidia/nvidia_2015_annual_report.txt,Official NVIDIA investor-relations annual report/annual review PDF from archive page. sha256=d117b55406dd95218842975ed9d574fb2ef8ad9bf201bbdcc97a1c2f9ac334d9; bytes=30782065; pages=177; text_chars=549936; narrative_check=contains annual-review narrative material; CEO letter not separately isolated by extraction; markers=annual-review narrative format.
NVIDIA,Technology / digital platforms,2015,"Nvidia Form 10-K annual report, fiscal 2015",annual_report_sec_filing,SEC EDGAR company filing,https://www.sec.gov/Archives/edgar/data/1045810/000104581015000036/nvda-2015x10k.htm,2026-04-16,01_raw_sources/nvidia/annual_reports/nvidia_2015_sec_10k.html,,02_extracted_text/nvidia/nvidia_2015_sec_10k.txt,Downloaded from SEC EDGAR; accession 0001045810-15-000036; filing date 2015-03-12; downloaded 2531713 bytes.
NVIDIA,Technology / digital platforms,2016,NVIDIA 2016 annual report / annual review,annual_report_pdf,NVIDIA Investor Relations,https://s201.q4cdn.com/141608511/files/doc_financials/2016/ar/2016-annual-report-insert-web-ir-update.pdf,2026-04-16,,01_raw_sources/nvidia/annual_reports/nvidia_2016_annual_report.pdf,02_extracted_text/nvidia/nvidia_2016_annual_report.txt,"Official NVIDIA investor-relations annual report/annual review PDF from archive page. sha256=a34a4571934084aba597cb5483bad1b6b61d3c8d637e1685a64c9f5253720f09; bytes=15336319; pages=244; text_chars=805937; narrative_check=contains CEO-letter/narrative address language; markers=addressed to NVIDIANs/stakeholders; annual-review narrative format. Selected-corpus audit note 2026-04-18: contains a Dear NVIDIANs and Stakeholders section, but the extracted letter section is not cleanly signed by Jensen Huang, so 2016 is background rather than selected under the stricter CEO-letter rule."
NVIDIA,Technology / digital platforms,2016,"Nvidia Form 10-K annual report, fiscal 2016",annual_report_sec_filing,SEC EDGAR company filing,https://www.sec.gov/Archives/edgar/data/1045810/000104581016000205/nvda-2016x10k.htm,2026-04-16,01_raw_sources/nvidia/annual_reports/nvidia_2016_sec_10k.html,,02_extracted_text/nvidia/nvidia_2016_sec_10k.txt,Downloaded from SEC EDGAR; accession 0001045810-16-000205; filing date 2016-03-17; downloaded 2600507 bytes.
NVIDIA,Technology / digital platforms,2017,NVIDIA 2017 annual report / annual review,annual_report_pdf,NVIDIA Investor Relations,https://s201.q4cdn.com/141608511/files/doc_financials/2017/ar/2017-annual-report-insert-web-ir-update.pdf,2026-04-16,,01_raw_sources/nvidia/annual_reports/nvidia_2017_annual_report.pdf,02_extracted_text/nvidia/nvidia_2017_annual_report.txt,Official NVIDIA investor-relations annual report/annual review PDF from archive page. sha256=6b5f765969310e794dca651388af76f2369c7cbba0dc6ffdda589d312f5477c5; bytes=22963965; pages=182; text_chars=556033; narrative_check=contains CEO-letter/narrative address language; markers=addressed to NVIDIANs/stakeholders; Jensen Huang named; CEO/founder signature language; annual-review narrative format.
NVIDIA,Technology / digital platforms,2017,"Nvidia Form 10-K annual report, fiscal 2017",annual_report_sec_filing,SEC EDGAR company filing,https://www.sec.gov/Archives/edgar/data/1045810/000104581017000027/nvda-2017x10k.htm,2026-04-16,01_raw_sources/nvidia/annual_reports/nvidia_2017_sec_10k.html,,02_extracted_text/nvidia/nvidia_2017_sec_10k.txt,Downloaded from SEC EDGAR; accession 0001045810-17-000027; filing date 2017-03-01; downloaded 2662224 bytes.
NVIDIA,Technology / digital platforms,2018,NVIDIA 2018 annual report / annual review,annual_report_pdf,NVIDIA Investor Relations,https://s201.q4cdn.com/141608511/files/doc_financials/annual/2018/NVIDIA2018_AnnualReview-(new).pdf,2026-04-16,,01_raw_sources/nvidia/annual_reports/nvidia_2018_annual_report.pdf,02_extracted_text/nvidia/nvidia_2018_annual_report.txt,Official NVIDIA investor-relations annual report/annual review PDF from archive page. sha256=a7c35f55ab776d55969c49c355d399e53f39c8fb147abea523beace2d5ae60d7; bytes=20385510; pages=197; text_chars=703276; narrative_check=contains CEO-letter/narrative address language; markers=addressed to NVIDIANs/stakeholders; Jensen Huang named; CEO/founder signature language; annual-review narrative format.
NVIDIA,Technology / digital platforms,2018,"Nvidia Form 10-K annual report, fiscal 2018",annual_report_sec_filing,SEC EDGAR company filing,https://www.sec.gov/Archives/edgar/data/1045810/000104581018000010/nvda-2018x10k.htm,2026-04-16,01_raw_sources/nvidia/annual_reports/nvidia_2018_sec_10k.html,,02_extracted_text/nvidia/nvidia_2018_sec_10k.txt,Downloaded from SEC EDGAR; accession 0001045810-18-000010; filing date 2018-02-28; downloaded 2440612 bytes.
NVIDIA,Technology / digital platforms,2019,NVIDIA 2019 annual report / annual review,annual_report_pdf,NVIDIA Investor Relations,https://s201.q4cdn.com/141608511/files/doc_financials/2019/ar/2019-annual-report-insert-web-ir-update.pdf,2026-04-16,,01_raw_sources/nvidia/annual_reports/nvidia_2019_annual_report.pdf,02_extracted_text/nvidia/nvidia_2019_annual_report.txt,Official NVIDIA investor-relations annual report/annual review PDF from archive page. sha256=1ba10cff6c9f8baa63d28f6cc33c25846e895764581d913cd3859cc72da18ef4; bytes=26794631; pages=149; text_chars=535544; narrative_check=contains CEO-letter/narrative address language; markers=addressed to NVIDIANs/stakeholders; Jensen Huang named; CEO/founder signature language; annual-review narrative format.
NVIDIA,Technology / digital platforms,2019,"Nvidia Form 10-K annual report, fiscal 2019",annual_report_sec_filing,SEC EDGAR company filing,https://www.sec.gov/Archives/edgar/data/1045810/000104581019000023/nvda-2019x10k.htm,2026-04-16,01_raw_sources/nvidia/annual_reports/nvidia_2019_sec_10k.html,,02_extracted_text/nvidia/nvidia_2019_sec_10k.txt,Downloaded from SEC EDGAR; accession 0001045810-19-000023; filing date 2019-02-21; downloaded 2307790 bytes.
NVIDIA,Technology / digital platforms,2020,NVIDIA 2020 annual report / annual review,annual_report_pdf,NVIDIA Investor Relations,https://s201.q4cdn.com/141608511/files/doc_financials/2020/ar/2020-annual-report-insert-web-ir-update.pdf,2026-04-16,,01_raw_sources/nvidia/annual_reports/nvidia_2020_annual_report.pdf,02_extracted_text/nvidia/nvidia_2020_annual_report.txt,Official NVIDIA investor-relations annual report/annual review PDF from archive page. sha256=ca052deba61b1c08d9bdeaf21e5cf4c313f387150d5c8cc02078570209f5b267; bytes=23826716; pages=180; text_chars=719717; narrative_check=contains CEO-letter/narrative address language; markers=addressed to NVIDIANs/stakeholders; Jensen Huang named; CEO/founder signature language; annual-review narrative format.
NVIDIA,Technology / digital platforms,2020,"Nvidia Form 10-K annual report, fiscal 2020",annual_report_sec_filing,SEC EDGAR company filing,https://www.sec.gov/Archives/edgar/data/1045810/000104581020000010/nvda-2020x10k.htm,2026-04-16,01_raw_sources/nvidia/annual_reports/nvidia_2020_sec_10k.html,,02_extracted_text/nvidia/nvidia_2020_sec_10k.txt,Downloaded from SEC EDGAR; accession 0001045810-20-000010; filing date 2020-02-20; downloaded 2655153 bytes.
NVIDIA,Technology / digital platforms,2021,NVIDIA 2021 annual report / annual review,annual_report_pdf,NVIDIA Investor Relations,https://s201.q4cdn.com/141608511/files/doc_financials/2021/ar/2021-annual-report-insert-web-ir-update.pdf,2026-04-16,,01_raw_sources/nvidia/annual_reports/nvidia_2021_annual_report.pdf,02_extracted_text/nvidia/nvidia_2021_annual_report.txt,Official NVIDIA investor-relations annual report/annual review PDF from archive page. sha256=3771ab7b69a2a0f308a1669e58dbc4f13146a00e7131ef042235b6d39202e72c; bytes=45161350; pages=166; text_chars=554152; narrative_check=contains CEO-letter/narrative address language; markers=addressed to NVIDIANs/stakeholders; Jensen Huang named; CEO/founder signature language; annual-review narrative format.
NVIDIA,Technology / digital platforms,2021,"Nvidia Form 10-K annual report, fiscal 2021",annual_report_sec_filing,SEC EDGAR company filing,https://www.sec.gov/Archives/edgar/data/1045810/000104581021000010/nvda-20210131.htm,2026-04-16,01_raw_sources/nvidia/annual_reports/nvidia_2021_sec_10k.html,,02_extracted_text/nvidia/nvidia_2021_sec_10k.txt,Downloaded from SEC EDGAR; accession 0001045810-21-000010; filing date 2021-02-26; downloaded 2511662 bytes.
NVIDIA,Technology / digital platforms,2022,NVIDIA 2022 annual report / annual review,annual_report_pdf,NVIDIA Investor Relations,https://s201.q4cdn.com/141608511/files/doc_financials/2022/ar/2022-Annual-Review.pdf,2026-04-16,,01_raw_sources/nvidia/annual_reports/nvidia_2022_annual_report.pdf,02_extracted_text/nvidia/nvidia_2022_annual_report.txt,Official NVIDIA investor-relations annual report/annual review PDF from archive page. sha256=fc9da67f18d3ab5fbf0ffaa70ff652a23f501976bb3369a71f2fdaa1d87b1815; bytes=22363773; pages=207; text_chars=705844; narrative_check=contains CEO-letter/narrative address language; markers=addressed to NVIDIANs/stakeholders; Jensen Huang named; CEO/founder signature language; annual-review narrative format.
NVIDIA,Technology / digital platforms,2022,"Nvidia Form 10-K annual report, fiscal 2022",annual_report_sec_filing,SEC EDGAR company filing,https://www.sec.gov/Archives/edgar/data/1045810/000104581022000036/nvda-20220130.htm,2026-04-16,01_raw_sources/nvidia/annual_reports/nvidia_2022_sec_10k.html,,02_extracted_text/nvidia/nvidia_2022_sec_10k.txt,Downloaded from SEC EDGAR; accession 0001045810-22-000036; filing date 2022-03-18; downloaded 2548428 bytes.
NVIDIA,Technology / digital platforms,2023,NVIDIA 2023 annual report / annual review,annual_report_pdf,NVIDIA Investor Relations,https://s201.q4cdn.com/141608511/files/doc_financials/2023/ar/2023-Annual-Report-1.pdf,2026-04-16,,01_raw_sources/nvidia/annual_reports/nvidia_2023_annual_report.pdf,02_extracted_text/nvidia/nvidia_2023_annual_report.txt,Official NVIDIA investor-relations annual report/annual review PDF from archive page. sha256=7bbb6ec51fa8fea39f46cccb16153e3d290bcfd0507c4410bc0c1de71e3e764f; bytes=41968287; pages=169; text_chars=605537; narrative_check=contains CEO-letter/narrative address language; markers=addressed to NVIDIANs/stakeholders; Jensen Huang named; CEO/founder signature language; annual-review narrative format.
NVIDIA,Technology / digital platforms,2023,"Nvidia Form 10-K annual report, fiscal 2023",annual_report_sec_filing,SEC EDGAR company filing,https://www.sec.gov/Archives/edgar/data/1045810/000104581023000017/nvda-20230129.htm,2026-04-16,01_raw_sources/nvidia/annual_reports/nvidia_2023_sec_10k.html,,02_extracted_text/nvidia/nvidia_2023_sec_10k.txt,Downloaded from SEC EDGAR; accession 0001045810-23-000017; filing date 2023-02-24; downloaded 2669239 bytes.
NVIDIA,Technology / digital platforms,2024,NVIDIA 2024 annual report / annual review,annual_report_pdf,NVIDIA Investor Relations,https://s201.q4cdn.com/141608511/files/doc_financials/2024/ar/NVIDIA-2024-Annual-Report.pdf,2026-04-16,,01_raw_sources/nvidia/annual_reports/nvidia_2024_annual_report.pdf,02_extracted_text/nvidia/nvidia_2024_annual_report.txt,Official NVIDIA investor-relations annual report/annual review PDF from archive page. sha256=b0de35ded9da9463d5c33dce77cf9b2158b88cf666f144646d0cc64af23c5960; bytes=34826878; pages=187; text_chars=651471; narrative_check=contains CEO-letter/narrative address language; markers=addressed to NVIDIANs/stakeholders; Jensen Huang named; CEO/founder signature language; annual-review narrative format.
NVIDIA,Technology / digital platforms,2024,"Nvidia Form 10-K annual report, fiscal 2024",annual_report_sec_filing,SEC EDGAR company filing,https://www.sec.gov/Archives/edgar/data/1045810/000104581024000029/nvda-20240128.htm,2026-04-16,01_raw_sources/nvidia/annual_reports/nvidia_2024_sec_10k.html,,02_extracted_text/nvidia/nvidia_2024_sec_10k.txt,Downloaded from SEC EDGAR; accession 0001045810-24-000029; filing date 2024-02-21; downloaded 2085566 bytes.
NVIDIA,Technology / digital platforms,2025,NVIDIA 2025 annual report / annual review,annual_report_pdf,NVIDIA Investor Relations,https://s201.q4cdn.com/141608511/files/doc_financials/2025/annual/NVIDIA-2025-Annual-Report.pdf,2026-04-16,,01_raw_sources/nvidia/annual_reports/nvidia_2025_annual_report.pdf,02_extracted_text/nvidia/nvidia_2025_annual_report.txt,Official NVIDIA investor-relations annual report/annual review PDF from archive page. sha256=757b344ab62ba282f6e44e0702e8ce5f190d88fb23b5e0a2beaf4cb277a395cc; bytes=49970589; pages=181; text_chars=680262; narrative_check=contains CEO-letter/narrative address language; markers=addressed to NVIDIANs/stakeholders; Jensen Huang named; CEO/founder signature language; annual-review narrative format.
NVIDIA,Technology / digital platforms,2025,"Nvidia Form 10-K annual report, fiscal 2025",annual_report_sec_filing,SEC EDGAR company filing,https://www.sec.gov/Archives/edgar/data/1045810/000104581025000023/nvda-20250126.htm,2026-04-16,01_raw_sources/nvidia/annual_reports/nvidia_2025_sec_10k.html,,02_extracted_text/nvidia/nvidia_2025_sec_10k.txt,Downloaded from SEC EDGAR; accession 0001045810-25-000023; filing date 2025-02-26; downloaded 2067520 bytes.
NVIDIA,Technology / digital platforms,2025,NVIDIA 2025 Annual Review / CEO letter,ceo_letter_pdf,NVIDIA,https://images.nvidia.com/pdf/Annual-NVIDIA-CEO-Letter-2025.pdf?linkId=100000365055773,2026-04-16,01_raw_sources/nvidia/letters/nvidia_2025_ceo_letter.pdf,01_raw_sources/nvidia/letters/nvidia_2025_ceo_letter.pdf,02_extracted_text/nvidia/nvidia_2025_ceo_letter.txt,Official NVIDIA PDF; contains a signed May 2025 message from Jensen Huang addressed to NVIDIANs and stakeholders.
NVIDIA,Technology / digital platforms,2026,"Nvidia Form 10-K annual report, fiscal 2026",annual_report_sec_filing,SEC EDGAR company filing,https://www.sec.gov/Archives/edgar/data/1045810/000104581026000021/nvda-20260125.htm,2026-04-16,01_raw_sources/nvidia/annual_reports/nvidia_2026_sec_10k.html,,02_extracted_text/nvidia/nvidia_2026_sec_10k.txt,Downloaded from SEC EDGAR; accession 0001045810-26-000021; filing date 2026-02-25; downloaded 1967816 bytes.
NVIDIA,Technology / digital platforms,archive,NVIDIA annual reports and proxies archive,investor_archive_page,NVIDIA Investor Relations,https://investor.nvidia.com/financial-info/annual-reports-and-proxies/default.aspx,2026-04-16,01_raw_sources/nvidia/investor_pages/nvidia_annual_reports_archive.html,,,"Archive was accessible through browser; direct shell download was blocked by Cloudflare, so direct Q4 CDN PDFs and SEC filings were used."
shell,Oil & gas / energy,2014,Shell Annual Report and Accounts 2014,annual_report_pdf,Shell Investor Relations,https://www.shell.com/investors/results-and-reporting/annual-report-archive/_jcr_content/root/main/section_812377294/tabs/tab_55706488/text_copy.multi.stream/1742905708495/23c7ba36f2a4223b7b42c48d8c13f7ba88a49050/shell-annual-report-2014.pdf,2026-04-16,01_raw_sources/shell/annual_reports/shell_2014_annual_report.pdf,01_raw_sources/shell/annual_reports/shell_2014_annual_report.pdf,02_extracted_text/shell/shell_2014_annual_report.txt,Official Shell annual report archive PDF; downloaded 1949757 bytes.
shell,Oil & gas / energy,2015,Shell Annual Report and Accounts 2015,annual_report_pdf,Shell Investor Relations,https://www.shell.com/investors/results-and-reporting/annual-report-archive/_jcr_content/root/main/section_812377294/tabs/tab_61705099_copy_234306435/text_copy.multi.stream/1742905718142/f5446aa830443e923e6bba2090ffdcb92d5c04b5/shell-annual-report-2015.pdf,2026-04-16,01_raw_sources/shell/annual_reports/shell_2015_annual_report.pdf,01_raw_sources/shell/annual_reports/shell_2015_annual_report.pdf,02_extracted_text/shell/shell_2015_annual_report.txt,Official Shell annual report archive PDF; downloaded 2482829 bytes.
shell,Oil & gas / energy,2016,Shell Annual Report and Accounts 2016,annual_report_pdf,Shell Investor Relations,https://www.shell.com/investors/results-and-reporting/annual-report-archive/_jcr_content/root/main/section_812377294/tabs/tab_61705099_copy_298665386/text_copy.multi.stream/1742905719637/d469749711efb88eb61e60dcf29d8c1e97e57b4b/shell-annual-report-2016.pdf,2026-04-16,01_raw_sources/shell/annual_reports/shell_2016_annual_report.pdf,01_raw_sources/shell/annual_reports/shell_2016_annual_report.pdf,02_extracted_text/shell/shell_2016_annual_report.txt,Official Shell annual report archive PDF; downloaded 3059669 bytes.
shell,Oil & gas / energy,2017,Shell Annual Report and Accounts 2017,annual_report_pdf,Shell Investor Relations,https://www.shell.com/investors/results-and-reporting/annual-report-archive/_jcr_content/root/main/section_812377294/tabs/tab_61705099_copy_311777559/text_copy.multi.stream/1742905721156/d5cefaebb1db5459377daadd45d85fb805b6c957/shell-annual-report-2017.pdf,2026-04-16,01_raw_sources/shell/annual_reports/shell_2017_annual_report.pdf,01_raw_sources/shell/annual_reports/shell_2017_annual_report.pdf,02_extracted_text/shell/shell_2017_annual_report.txt,Official Shell annual report archive PDF; downloaded 10836430 bytes.
shell,Oil & gas / energy,2018,Shell Annual Report and Accounts 2018,annual_report_pdf,Shell Investor Relations,https://www.shell.com/investors/results-and-reporting/annual-report-archive/_jcr_content/root/main/section_812377294/tabs/tab_61705099_copy_579650462/text.multi.stream/1742905607084/dac9fae46b135df3789722f19e0b9cc5b6d282a4/shell-annual-report-2018.pdf,2026-04-16,01_raw_sources/shell/annual_reports/shell_2018_annual_report.pdf,01_raw_sources/shell/annual_reports/shell_2018_annual_report.pdf,02_extracted_text/shell/shell_2018_annual_report.txt,Official Shell annual report archive PDF; downloaded 12211398 bytes.
shell,Oil & gas / energy,2019,Shell Annual Report and Accounts 2019,annual_report_pdf,Shell Investor Relations,https://www.shell.com/investors/results-and-reporting/annual-report-archive/_jcr_content/root/main/section_812377294/tabs/tab_61705099_copy/text.multi.stream/1742905535559/8c8164754553b82936622a42fd542a06a7a717f8/shell-annual-report-2019.pdf,2026-04-16,01_raw_sources/shell/annual_reports/shell_2019_annual_report.pdf,01_raw_sources/shell/annual_reports/shell_2019_annual_report.pdf,02_extracted_text/shell/shell_2019_annual_report.txt,Official Shell annual report archive PDF; downloaded 12895101 bytes.
shell,Oil & gas / energy,2020,Shell Annual Report and Accounts 2020,annual_report_pdf,Shell Investor Relations,https://www.shell.com/investors/results-and-reporting/annual-report-archive/_jcr_content/root/main/section_812377294/tabs/tab_61705099/text.multi.stream/1742905483000/46170ccf92a7a52ea02ed46c8a94770928c69208/shell-annual-report-2020.pdf,2026-04-16,01_raw_sources/shell/annual_reports/shell_2020_annual_report.pdf,01_raw_sources/shell/annual_reports/shell_2020_annual_report.pdf,02_extracted_text/shell/shell_2020_annual_report.txt,Official Shell annual report archive PDF; downloaded 6268740 bytes.
shell,Oil & gas / energy,2021,Shell Annual Report and Accounts 2021,annual_report_pdf,Shell Investor Relations,https://www.shell.com/investors/results-and-reporting/annual-report-archive/_jcr_content/root/main/section_812377294/tabs/tab_338953895/text.multi.stream/1742905417223/ddb70e54fdb262fa1e81db12f2d92233672f779d/shell-annual-report-2021.pdf,2026-04-16,01_raw_sources/shell/annual_reports/shell_2021_annual_report.pdf,01_raw_sources/shell/annual_reports/shell_2021_annual_report.pdf,02_extracted_text/shell/shell_2021_annual_report.txt,Official Shell annual report archive PDF; downloaded 7580214 bytes.
shell,Oil & gas / energy,2022,Shell Annual Report and Accounts 2022,annual_report_pdf,Shell Investor Relations,https://www.shell.com/investors/results-and-reporting/annual-report-archive/_jcr_content/root/main/section_812377294/tabs/tab_1219767661/text.multi.stream/1742905354181/24ff673614687df7a13f18ce0cbd126cd73bc788/shell-annual-report-2022.pdf,2026-04-16,01_raw_sources/shell/annual_reports/shell_2022_annual_report.pdf,01_raw_sources/shell/annual_reports/shell_2022_annual_report.pdf,02_extracted_text/shell/shell_2022_annual_report.txt,Official Shell annual report archive PDF; downloaded 15579386 bytes.
shell,Oil & gas / energy,2023,Shell Annual Report and Accounts 2023,annual_report_pdf,Shell Investor Relations,https://www.shell.com/investors/results-and-reporting/annual-report-archive/_jcr_content/root/main/section_812377294/tabs/tab/text.multi.stream/1742905301176/ce28b952e201476287788cfcf35406e464f9785c/shell-annual-report-2023.pdf,2026-04-16,01_raw_sources/shell/annual_reports/shell_2023_annual_report.pdf,01_raw_sources/shell/annual_reports/shell_2023_annual_report.pdf,02_extracted_text/shell/shell_2023_annual_report.txt,Official Shell annual report archive PDF; downloaded 18240010 bytes.
shell,Oil & gas / energy,2024,Shell Annual Report and Accounts 2024,annual_report_pdf,Shell Investor Relations,https://www.shell.com/investors/results-and-reporting/annual-report-archive/_jcr_content/root/main/section_812377294/tabs/tab_copy/text.multi.stream/1752580693041/6c20b8111738b9a590ba145f0d1c4fa0e530dae0/shell-annual-report-2024.pdf,2026-04-16,01_raw_sources/shell/annual_reports/shell_2024_annual_report.pdf,01_raw_sources/shell/annual_reports/shell_2024_annual_report.pdf,02_extracted_text/shell/shell_2024_annual_report.txt,Official Shell annual report archive PDF; downloaded 13975168 bytes.
shell,Oil & gas / energy,2025,Shell Annual Report and Accounts 2025,annual_report_pdf,Shell Investor Relations,https://www.shell.com/investors/results-and-reporting/annual-report-archive/_jcr_content/root/main/section_812377294/tabs/tab_copy_copy/text.multi.stream/1774544186011/5727c329a58b5eb7a54442c0a03f562a5aef1159/shell-annual-report-2025-interactive.pdf,2026-04-16,01_raw_sources/shell/annual_reports/shell_2025_annual_report.pdf,01_raw_sources/shell/annual_reports/shell_2025_annual_report.pdf,02_extracted_text/shell/shell_2025_annual_report.txt,Official Shell annual report archive PDF; downloaded 20706059 bytes.
shell,Oil & gas / energy,archive,Shell annual reports archive,investor_archive_page,Shell Investor Relations,https://www.shell.com/investors/results-and-reporting/annual-report-archive.html,2026-04-16,01_raw_sources/shell/investor_pages/shell_annual_report_archive.html,,,Archive page; already exists; model JSON: already exists.
wipo,Industry source,2025,WIPO Global Innovation Index 2025 - Global Innovation Tracker,benchmark_source,WIPO,https://www.wipo.int/web-publications/global-innovation-index-2025/en/global-innovation-tracker.html,2026-04-16,01_raw_sources/industry_sources/wipo/wipo_2025.html,,02_extracted_text/industry_sources/wipo_2025.txt,Benchmark/supporting source requested by user; already exists.
